insert into funcionario (CPF, nome, dataNasc, genero, estadoCivil,
	email, carteiraTrab, cargaHoraria, salario, chavePIX, `status`)
    value ("108.801.888-11", "Renata Santos", '1995-12-16', 
		"Feminino", "Casada", "renata.santos@gmail.com", 
        "321456-98", 40, 2654.30, "108.801.888-11", 1);
        
insert into funcionario (CPF, nome, dataNasc, genero, estadoCivil,
	email, carteiraTrab, cargaHoraria, salario, chavePIX, `status`)
    values ("014.140.410-44", "Aline Souza", '1988-05-17', 
		"Feminino", "Casada", "aline.souza@gmail.com", 
        "987456-98", 40, 2856.30, "014.140.410-44", 1),
        
        ("134.341.431-11", "Lucas Ferreira", '2007-06-14', 
		"Masculino", "Solteiro", "lucas.ferreira@gmail.com", 
        "456123-58", 40, 1856.30, "134.341.431-11", 1),
        
        ("134.411.311-44", "Pedro Leão", '2005-03-18', 
		"Masculino", "Solteiro", "pedro.lion@gmail.com", 
        "147852-58", 40, 2556.30, "134.411.311-44", 1);
        
INSERT INTO funcionario (CPF, nome, dataNasc, genero, estadoCivil,
	email, carteiraTrab, cargaHoraria, salario, chavePIX, `status`)
	VALUES 
	("021.547.863-00", "Juliana Lima", '1992-08-23', "Feminino", "Solteira", "juliana.lima@hotmail.com", "369852-77", 40, 3050.00, "juliana.lima@gmail.com", 1),
	("088.998.657-22", "Marcelo Costa", '1985-12-02', "Masculino", "Casado", "marcelo.costa@empresa.com", "258741-36", 40, 4100.00, "marcelo_pix@gmail.com", 1),
	("089.007.654-77", "Patrícia Andrade", '1990-04-12', "Feminino", "Divorciada", "patricia.andrade@yahoo.com", "456321-88", 40, 3780.75, "patricia.andrade@pix.com", 1),
	("067.789.321-90", "Renato Silva", '1994-10-09', "Masculino", "Solteiro", "renato.silva@gmail.com", "321654-77", 40, 2890.00, "067.789.321-90", 1),
	("055.123.789-22", "Ana Beatriz Ramos", '1997-07-21', "Feminino", "Solteira", "ana.ramos@empresa.com.br", "852741-96", 40, 3400.00, "beatriz.ramos@pix.com", 1),
	("099.888.777-66", "Carlos Henrique", '1983-01-11', "Masculino", "Casado", "carlos.henrique@exemplo.com", "963258-14", 40, 4300.00, "099.888.777-66", 1),
	("088.441.998-31", "Fernanda Oliveira", '1995-05-29', "Feminino", "Solteira", "fernanda.oliveira@gmail.com", "741852-33", 40, 2980.50, "fernanda_oli@pix.com", 1),
	("011.345.987-44", "João Victor Nunes", '1986-11-05', "Masculino", "Casado", "joao.v.nunes@empresa.com", "456789-77", 40, 3920.90, "011.345.987-44", 1),
	("065.874.321-56", "Mariana Ribeiro", '1991-02-28', "Feminino", "Solteira", "mariana.ribeiro@empresa.com", "332211-77", 40, 3010.10, "mariana_pix@hotmail.com", 1),
	("078.321.654-99", "Tiago Martins", '1989-09-19', "Masculino", "Casado", "tiago.martins@empresa.com.br", "111222-33", 40, 3850.00, "078.321.654-99", 1),
	("012.147.258-63", "Camila Duarte", '1996-06-03', "Feminino", "Solteira", "camila.duarte@gmail.com", "753951-44", 40, 3200.00, "camila.duarte@pix.com", 1),
	("099.321.456-10", "Bruno Almeida", '1984-03-30', "Masculino", "Casado", "bruno.almeida@empresa.com", "963741-66", 40, 4200.00, "099.321.456-10", 1),
	("022.998.741-55", "Letícia Mendes", '1993-12-15', "Feminino", "Solteira", "leticia.mendes@gmail.com", "147963-22", 40, 3120.75, "leticia.pix@banco.com", 1),
	("033.741.852-96", "Gabriel Rocha", '1987-07-07', "Masculino", "Casado", "gabriel.rocha@empresa.com", "789456-13", 40, 3999.90, "033.741.852-96", 1),
	("044.852.963-74", "Isabela Ferreira", '1998-10-25', "Feminino", "Solteira", "isabela.ferreira@empresa.com", "369741-88", 40, 2800.00, "isabela.pix@pixmail.com", 1),
	("055.963.147-82", "Felipe Gomes", '1990-01-02', "Masculino", "Divorciado", "felipe.gomes@empresa.com", "456852-99", 40, 3680.60, "055.963.147-82", 1),
	("066.147.963-33", "Larissa Pinto", '1994-04-14', "Feminino", "Casada", "larissa.pinto@empresa.com", "987123-55", 40, 3150.00, "larissa.pinto@pix.com", 1),
	("077.321.654-00", "Rodrigo Menezes", '1982-08-20', "Masculino", "Casado", "rodrigo.menezes@empresa.com", "321987-44", 40, 4450.00, "077.321.654-00", 1);
        
insert into endereco 
	values ("108.801.888-11", "PE", "Recife", "Várzea", "Rua Major Ribeiro Pinheiro",
		201, "Bloco C, Ap 302", "50780-780"),
        ("014.140.410-44", "PE", "Recife", "Boa Viagem", "Rua Americo Freitas",
		1320, "Ap 1302", "50070-700"),
        ("134.341.431-11", "PE", "Recife", "Ibiribeira", "Rua Barão dos Palmares",
		401, null, "52170-720"),
        ("134.411.311-44", "PE", "Jaboatão dos Guararapes", "Candeias", 
        "Rua Garcilandia", 145, null, "54180-190");

INSERT INTO endereco 
	VALUES 
	("021.547.863-00", "PE", "Recife", "Graças", "Rua da Harmonia", 580, "Casa 2", "52011-150"),
	("088.998.657-22", "PE", "Jaboatão dos Guararapes", "Piedade", "Av. Bernardo Vieira de Melo", 1020, "Bloco B, Ap 204", "54400-000"),
	("089.007.654-77", "PE", "Olinda", "Bairro Novo", "Rua do Sol", 330, NULL, "53030-010"),
	("067.789.321-90", "PE", "Recife", "Tamarineira", "Rua Padre Roma", 210, "Ap 101", "52041-390"),
	("055.123.789-22", "PE", "Camaragibe", "Timbi", "Rua do Futuro", 145, NULL, "54762-100"),
	("099.888.777-66", "PE", "Recife", "Derby", "Rua Gervásio Pires", 199, "Bloco A, Ap 601", "50050-070"),
	("088.441.998-31", "PE", "Recife", "Madalena", "Rua Real da Torre", 512, NULL, "50720-100"),
	("011.345.987-44", "PE", "Jaboatão dos Guararapes", "Barra de Jangada", "Rua B", 950, "Casa", "54493-410"),
	("065.874.321-56", "PE", "Recife", "Espinheiro", "Rua Conselheiro Portela", 302, "Ap 501", "52020-030"),
	("078.321.654-99", "PE", "Olinda", "Rio Doce", "Rua das Flores", 180, NULL, "53260-180"),
	("012.147.258-63", "PE", "Paulista", "Janga", "Rua Atlântico", 111, "Bloco 1, Ap 104", "53439-100"),
	("099.321.456-10", "PE", "Recife", "Boa Vista", "Rua do Hospício", 430, "Sala 05", "50070-050"),
	("022.998.741-55", "PE", "Recife", "Casa Forte", "Rua Dona Olegarinha da Cunha", 77, NULL, "52060-000"),
	("033.741.852-96", "PE", "Recife", "Imbiribeira", "Rua Jean Emile Favre", 405, "Galpão 2", "51190-660"),
	("044.852.963-74", "PE", "Olinda", "Varadouro", "Rua do Bonfim", 90, NULL, "53020-030"),
	("055.963.147-82", "PE", "Jaboatão dos Guararapes", "Prazeres", "Rua das Acácias", 66, "Casa B", "54330-070"),
	("066.147.963-33", "PE", "Recife", "Aflitos", "Rua Barão de Contendas", 320, "Ap 1201", "52050-350"),
	("077.321.654-00", "PE", "Cabo de Santo Agostinho", "Centro", "Rua XV de Novembro", 700, NULL, "54515-000");
        
insert into telefone (numero, funcionario_cpf)
	values ("81995119511", "108.801.888-11"),
		("81988329511", "108.801.888-11"),
        ("81981707081", "014.140.410-44"),
        ("81996819681", "134.341.431-11"),
        ("81996189618", "134.411.311-44"),
        ("81981909081", "134.411.311-44");

INSERT INTO telefone (numero, funcionario_cpf)
	VALUES 
	("81999998822", "021.547.863-00"),
	("81991112233", "088.998.657-22"),
	("81992223344", "089.007.654-77"),
	("81993334455", "067.789.321-90"),
	("81994445566", "055.123.789-22"),
	("81995556677", "099.888.777-66"),
	("81996667788", "088.441.998-31"),
	("81997778899", "011.345.987-44"),
	("81998889900", "065.874.321-56"),
	("81990001122", "078.321.654-99"),
	("81991110022", "012.147.258-63"),
	("81992220033", "099.321.456-10"),
	("81993330044", "022.998.741-55"),
	("81994440055", "033.741.852-96"),
	("81995550066", "044.852.963-74"),
	("81996660077", "055.963.147-82"),
	("81997770088", "066.147.963-33"),
	("81998880099", "077.321.654-00");

insert into dependente
	value ("014.140.410-88", "Felipe Diogo Souza", '2010-09-17', "Filho", "014.140.410-44");

insert into dependente
	values ("014.140.410-77", "Maria José Souza", '2015-02-16', "Filha", "014.140.410-44"),
		("012.147.258-88", "Diogo Duarte", '2020-06-17', "Filho", "012.147.258-63"),
        ("012.147.258-77", "Diego Duarte", '2021-07-17', "Filho", "012.147.258-63"),
        ("012.147.258-66", "Daniel Duarte", '2023-08-17', "Filho", "012.147.258-63"),
        ("044.852.963-88", "Juliana Ferreira", '2022-01-10', "Filha", "044.852.963-74"),
        ("044.852.963-77", "Juliane Ferreira", '2024-06-08', "Filha", "044.852.963-74"),
        ("108.801.888-22", "Rafael Santos", '2023-11-08', "Filho", "108.801.888-11"),
        ("077.321.654-22", "Rafael Menezes", '2021-10-08', "Filho", "077.321.654-00"),
        ("077.321.654-33", "Raquel Menezes", '2022-12-08', "Filha", "077.321.654-00"),
        ("077.321.654-44", "Rômulo Menezes", '2023-09-08', "Filho", "077.321.654-00"),
        ("134.411.311-11", "Paulo Leão", '2021-09-07', "Filho", "134.411.311-44"),
        ("134.411.311-22", "Polônio Leão", '2021-09-07', "Filho", "134.411.311-44"),
        ("134.411.311-33", "Pâmella Leão", '2023-10-12', "Filha", "134.411.311-44"),
        ("134.411.311-44", "Paloma Leão", '2023-10-12', "Filha", "134.411.311-44"),
        ("066.147.963-33", "Laura Pinto", '2018-12-08', "Filha", "066.147.963-33"),
        ("066.147.963-44", "Luis Pinto", '2020-09-07', "Filho", "066.147.963-33");
        
INSERT INTO OcorrenciaInterna (dataHora, descricao, gravidade, funcionario_cpf) VALUES
('2023-01-12 08:20:00', 'Chegou 20 minutos atrasado devido a problemas no transporte público.', 'Baixa', '108.801.888-11'),
('2023-02-05 14:30:00', 'Recebeu elogio de hóspedes pela cordialidade no atendimento.', 'Baixa', '108.801.888-11'),
('2023-03-08 09:00:00', 'Faltou ao trabalho sem aviso prévio.', 'Alta', '108.801.888-11'),
('2023-04-15 10:15:00', 'Participou de treinamento sobre atendimento ao cliente.', 'Baixa', '077.321.654-00'),
('2023-05-02 18:00:00', 'Auxiliou em evento especial de casamento realizado na pousada.', 'Média', '077.321.654-00'),
('2023-06-18 21:00:00', 'Realizou 2 horas extras para cobrir ausência de colega.', 'Média', '077.321.654-00'),
('2023-07-22 11:30:00', 'Recebeu reclamação de cliente sobre demora no serviço.', 'Média', '014.140.410-44'),
('2023-08-30 08:00:00', 'Faltou ao trabalho por motivos de saúde, apresentou atestado.', 'Baixa', '014.140.410-44'),
('2023-09-10 16:00:00', 'Participou de treinamento sobre uso do sistema de reservas.', 'Baixa', '099.888.777-66'),
('2023-10-05 08:15:00', 'Chegou 15 minutos atrasado devido ao trânsito intenso.', 'Baixa', '099.888.777-66'),
('2023-11-18 19:30:00', 'Recebeu elogio de cliente estrangeiro pela atenção e simpatia.', 'Baixa', '099.888.777-66'),
('2024-01-10 09:00:00', 'Faltou ao trabalho sem justificativa.', 'Alta', '077.321.654-00'),
('2024-02-14 13:45:00', 'Participou de curso interno sobre higiene e segurança.', 'Baixa', '014.140.410-44'),
('2024-03-19 20:00:00', 'Realizou 3 horas extras para auxiliar na recepção.', 'Média', '134.341.431-11'),
('2024-04-22 17:30:00', 'Recebeu elogio de casal em viagem de lua de mel.', 'Baixa', '134.341.431-11'),
('2024-05-05 08:30:00', 'Chegou atrasado em 30 minutos por problemas familiares.', 'Média', '108.801.888-11'),
('2024-06-17 09:00:00', 'Participou do treinamento anual sobre segurança do trabalho.', 'Baixa', '077.321.654-00'),
('2024-07-08 12:15:00', 'Recebeu reclamação de cliente sobre atraso na limpeza do quarto.', 'Média', '014.140.410-44'),
('2024-08-12 08:00:00', 'Faltou ao trabalho por consulta médica, apresentou atestado.', 'Baixa', '099.888.777-66'),
('2024-09-02 19:00:00', 'Auxiliou em evento corporativo realizado na pousada.', 'Média', '099.888.777-66'),
('2024-10-18 22:00:00', 'Realizou 1 hora extra para finalizar relatórios.', 'Baixa', '108.801.888-11'),
('2024-11-05 15:00:00', 'Recebeu elogio de família sobre simpatia no atendimento.', 'Baixa', '077.321.654-00'),
('2024-12-15 09:00:00', 'Faltou ao trabalho sem aviso.', 'Alta', '014.140.410-44'),
('2025-01-09 11:00:00', 'Participou de treinamento sobre gestão de conflitos.', 'Baixa', '099.888.777-66'),
('2025-02-22 08:10:00', 'Chegou 10 minutos atrasado por trânsito.', 'Baixa', '134.341.431-11'),
('2025-03-18 13:30:00', 'Recebeu reclamação de cliente sobre demora no check-in.', 'Média', '108.801.888-11'),
('2025-04-10 21:00:00', 'Realizou 2 horas extras para apoio na recepção.', 'Média', '077.321.654-00'),
('2025-05-06 08:00:00', 'Faltou por motivos de saúde, apresentou atestado médico.', 'Baixa', '014.140.410-44'),
('2025-05-28 20:00:00', 'Auxiliou em evento de formatura realizado na pousada.', 'Média', '099.888.777-66'),
('2025-06-12 16:00:00', 'Recebeu elogio de cliente por excelente organização.', 'Baixa', '134.341.431-11'),
('2025-06-30 08:25:00', 'Chegou atrasado em 25 minutos.', 'Baixa', '108.801.888-11'),
('2025-07-15 10:00:00', 'Participou de curso de primeiros socorros oferecido pela pousada.', 'Baixa', '077.321.654-00'),
('2025-07-29 23:00:00', 'Realizou 3 horas extras durante evento festivo.', 'Média', '014.140.410-44'),
('2025-08-05 09:00:00', 'Recebeu reclamação de cliente sobre falta de atenção.', 'Média', '099.888.777-66'),
('2025-08-19 08:00:00', 'Faltou ao trabalho sem justificativa.', 'Alta', '134.341.431-11'),
('2025-08-27 17:30:00', 'Recebeu elogio de grupo de turistas pela simpatia.', 'Baixa', '134.341.431-11'),
('2023-01-25 08:15:00', 'Chegou 15 minutos atrasado por atraso de ônibus.', 'Baixa', '014.140.410-44'),
('2023-02-12 18:00:00', 'Recebeu elogio em pesquisa de satisfação.', 'Baixa', '014.140.410-44'),
('2023-03-01 09:00:00', 'Faltou sem aviso prévio.', 'Alta', '099.888.777-66'),
('2023-04-20 15:00:00', 'Participou de treinamento em gestão de reservas.', 'Baixa', '099.888.777-66'),
('2023-05-18 19:30:00', 'Auxiliou na organização de evento de aniversário.', 'Média', '108.801.888-11'),
('2023-06-22 21:00:00', 'Realizou 1 hora extra para fechamento de caixa.', 'Baixa', '077.321.654-00'),
('2023-07-09 11:00:00', 'Recebeu reclamação de hóspede sobre barulho em área comum.', 'Média', '014.140.410-44'),
('2023-08-11 08:00:00', 'Faltou por motivos de saúde, apresentou atestado.', 'Baixa', '099.888.777-66'),
('2023-09-14 14:00:00', 'Participou de palestra sobre qualidade no atendimento.', 'Baixa', '134.341.431-11'),
('2023-10-03 08:20:00', 'Chegou atrasado em 20 minutos devido a engarrafamento.', 'Baixa', '134.341.431-11'),
('2023-11-25 20:00:00', 'Recebeu elogio de cliente em rede social.', 'Baixa', '108.801.888-11'),
('2023-12-18 09:00:00', 'Faltou ao trabalho sem justificativa.', 'Alta', '077.321.654-00');

INSERT INTO RegistroPonto (dataHora, tipoES, justificativa, Funcionario_CPF) VALUES
('2025-01-01 08:08:00', 'Entrada', NULL, '108.801.888-11'),
('2025-01-01 11:58:00', 'Saída', 'Intervalo para almoço', '108.801.888-11'),
('2025-01-01 12:56:00', 'Entrada', NULL, '108.801.888-11'),
('2025-01-01 16:59:00', 'Saída', NULL, '108.801.888-11'),
('2025-01-01 07:53:00', 'Entrada', NULL, '077.321.654-00'),
('2025-01-01 11:53:00', 'Saída', 'Intervalo para almoço', '077.321.654-00'),
('2025-01-01 12:59:00', 'Entrada', NULL, '077.321.654-00'),
('2025-01-01 17:06:00', 'Saída', NULL, '077.321.654-00'),
('2025-01-01 07:51:00', 'Entrada', NULL, '014.140.410-44'),
('2025-01-01 11:58:00', 'Saída', 'Intervalo para almoço', '014.140.410-44'),
('2025-01-01 12:52:00', 'Entrada', NULL, '014.140.410-44'),
('2025-01-01 17:01:00', 'Saída', NULL, '014.140.410-44'),
('2025-01-01 08:07:00', 'Entrada', NULL, '099.888.777-66'),
('2025-01-01 12:05:00', 'Saída', 'Intervalo para almoço', '099.888.777-66'),
('2025-01-01 12:54:00', 'Entrada', NULL, '099.888.777-66'),
('2025-01-01 16:56:00', 'Saída', NULL, '099.888.777-66'),
('2025-01-01 08:01:00', 'Entrada', NULL, '134.341.431-11'),
('2025-01-01 11:51:00', 'Saída', 'Intervalo para almoço', '134.341.431-11'),
('2025-01-01 12:55:00', 'Entrada', NULL, '134.341.431-11'),
('2025-01-01 17:09:00', 'Saída', NULL, '134.341.431-11'),
('2025-01-02 08:03:00', 'Entrada', NULL, '108.801.888-11'),
('2025-01-02 12:10:00', 'Saída', 'Intervalo para almoço', '108.801.888-11'),
('2025-01-02 12:51:00', 'Entrada', NULL, '108.801.888-11'),
('2025-01-02 17:09:00', 'Saída', NULL, '108.801.888-11'),
('2025-01-02 08:06:00', 'Entrada', NULL, '077.321.654-00'),
('2025-01-02 12:07:00', 'Saída', 'Intervalo para almoço', '077.321.654-00'),
('2025-01-02 13:00:00', 'Entrada', NULL, '077.321.654-00'),
('2025-01-02 17:02:00', 'Saída', NULL, '077.321.654-00'),
('2025-01-02 07:54:00', 'Entrada', NULL, '014.140.410-44'),
('2025-01-02 11:59:00', 'Saída', 'Intervalo para almoço', '014.140.410-44'),
('2025-01-02 12:52:00', 'Entrada', NULL, '014.140.410-44'),
('2025-01-02 16:53:00', 'Saída', NULL, '014.140.410-44'),
('2025-01-02 08:03:00', 'Entrada', NULL, '099.888.777-66'),
('2025-01-02 11:57:00', 'Saída', 'Intervalo para almoço', '099.888.777-66'),
('2025-01-02 13:10:00', 'Entrada', NULL, '099.888.777-66'),
('2025-01-02 16:59:00', 'Saída', NULL, '099.888.777-66'),
('2025-01-02 07:55:00', 'Entrada', NULL, '134.341.431-11'),
('2025-01-02 12:07:00', 'Saída', 'Intervalo para almoço', '134.341.431-11'),
('2025-01-02 13:03:00', 'Entrada', NULL, '134.341.431-11'),
('2025-01-02 17:05:00', 'Saída', NULL, '134.341.431-11'),
('2025-01-03 07:55:00', 'Entrada', NULL, '108.801.888-11'),
('2025-01-03 12:08:00', 'Saída', 'Intervalo para almoço', '108.801.888-11'),
('2025-01-03 13:08:00', 'Entrada', NULL, '108.801.888-11'),
('2025-01-03 17:06:00', 'Saída', NULL, '108.801.888-11'),
('2025-01-03 08:01:00', 'Entrada', NULL, '077.321.654-00'),
('2025-01-03 12:01:00', 'Saída', 'Intervalo para almoço', '077.321.654-00'),
('2025-01-03 13:00:00', 'Entrada', NULL, '077.321.654-00'),
('2025-01-03 16:55:00', 'Saída', NULL, '077.321.654-00'),
('2025-01-03 08:09:00', 'Entrada', NULL, '014.140.410-44'),
('2025-01-03 12:03:00', 'Saída', 'Intervalo para almoço', '014.140.410-44'),
('2025-01-03 13:05:00', 'Entrada', NULL, '014.140.410-44'),
('2025-01-03 16:53:00', 'Saída', NULL, '014.140.410-44'),
('2025-01-03 07:57:00', 'Entrada', NULL, '099.888.777-66'),
('2025-01-03 12:06:00', 'Saída', 'Intervalo para almoço', '099.888.777-66'),
('2025-01-03 13:03:00', 'Entrada', NULL, '099.888.777-66'),
('2025-01-03 16:52:00', 'Saída', NULL, '099.888.777-66'),
('2025-01-03 08:09:00', 'Entrada', NULL, '134.341.431-11'),
('2025-01-03 11:54:00', 'Saída', 'Intervalo para almoço', '134.341.431-11'),
('2025-01-03 12:55:00', 'Entrada', NULL, '134.341.431-11'),
('2025-01-03 17:01:00', 'Saída', NULL, '134.341.431-11'),
('2025-01-06 07:57:00', 'Entrada', NULL, '108.801.888-11'),
('2025-01-06 11:57:00', 'Saída', 'Intervalo para almoço', '108.801.888-11'),
('2025-01-06 12:50:00', 'Entrada', NULL, '108.801.888-11'),
('2025-01-06 17:02:00', 'Saída', NULL, '108.801.888-11'),
('2025-01-06 08:09:00', 'Entrada', NULL, '077.321.654-00'),
('2025-01-06 12:05:00', 'Saída', 'Intervalo para almoço', '077.321.654-00'),
('2025-01-06 12:57:00', 'Entrada', NULL, '077.321.654-00'),
('2025-01-06 16:54:00', 'Saída', NULL, '077.321.654-00'),
('2025-01-06 08:09:00', 'Entrada', NULL, '014.140.410-44'),
('2025-01-06 12:03:00', 'Saída', 'Intervalo para almoço', '014.140.410-44'),
('2025-01-06 13:09:00', 'Entrada', NULL, '014.140.410-44'),
('2025-01-06 17:05:00', 'Saída', NULL, '014.140.410-44'),
('2025-01-06 07:55:00', 'Entrada', NULL, '099.888.777-66'),
('2025-01-06 11:59:00', 'Saída', 'Intervalo para almoço', '099.888.777-66'),
('2025-01-06 13:09:00', 'Entrada', NULL, '099.888.777-66'),
('2025-01-06 16:52:00', 'Saída', NULL, '099.888.777-66'),
('2025-01-06 07:51:00', 'Entrada', NULL, '134.341.431-11'),
('2025-01-06 11:52:00', 'Saída', 'Intervalo para almoço', '134.341.431-11'),
('2025-01-06 13:10:00', 'Entrada', NULL, '134.341.431-11'),
('2025-01-06 17:07:00', 'Saída', NULL, '134.341.431-11'),
('2025-01-07 07:53:00', 'Entrada', NULL, '108.801.888-11'),
('2025-01-07 12:00:00', 'Saída', 'Intervalo para almoço', '108.801.888-11'),
('2025-01-07 12:53:00', 'Entrada', NULL, '108.801.888-11'),
('2025-01-07 16:59:00', 'Saída', NULL, '108.801.888-11'),
('2025-01-07 08:02:00', 'Entrada', NULL, '077.321.654-00'),
('2025-01-07 11:52:00', 'Saída', 'Intervalo para almoço', '077.321.654-00'),
('2025-01-07 13:04:00', 'Entrada', NULL, '077.321.654-00'),
('2025-01-07 17:02:00', 'Saída', NULL, '077.321.654-00'),
('2025-01-07 08:03:00', 'Entrada', NULL, '014.140.410-44'),
('2025-01-07 12:01:00', 'Saída', 'Intervalo para almoço', '014.140.410-44'),
('2025-01-07 13:02:00', 'Entrada', NULL, '014.140.410-44'),
('2025-01-07 16:55:00', 'Saída', NULL, '014.140.410-44'),
('2025-01-07 07:55:00', 'Entrada', NULL, '099.888.777-66'),
('2025-01-07 11:50:00', 'Saída', 'Intervalo para almoço', '099.888.777-66'),
('2025-01-07 12:52:00', 'Entrada', NULL, '099.888.777-66'),
('2025-01-07 16:57:00', 'Saída', NULL, '099.888.777-66'),
('2025-01-07 07:55:00', 'Entrada', NULL, '134.341.431-11'),
('2025-01-07 12:07:00', 'Saída', 'Intervalo para almoço', '134.341.431-11'),
('2025-01-07 13:02:00', 'Entrada', NULL, '134.341.431-11'),
('2025-01-07 17:10:00', 'Saída', NULL, '134.341.431-11'),
('2025-01-08 08:02:00', 'Entrada', NULL, '108.801.888-11'),
('2025-01-08 12:03:00', 'Saída', 'Intervalo para almoço', '108.801.888-11'),
('2025-01-08 13:10:00', 'Entrada', NULL, '108.801.888-11'),
('2025-01-08 17:02:00', 'Saída', NULL, '108.801.888-11'),
('2025-01-08 07:59:00', 'Entrada', NULL, '077.321.654-00'),
('2025-01-08 12:04:00', 'Saída', 'Intervalo para almoço', '077.321.654-00'),
('2025-01-08 12:54:00', 'Entrada', NULL, '077.321.654-00'),
('2025-01-08 17:07:00', 'Saída', NULL, '077.321.654-00'),
('2025-01-08 07:51:00', 'Entrada', NULL, '014.140.410-44'),
('2025-01-08 11:56:00', 'Saída', 'Intervalo para almoço', '014.140.410-44'),
('2025-01-08 12:57:00', 'Entrada', NULL, '014.140.410-44'),
('2025-01-08 16:50:00', 'Saída', NULL, '014.140.410-44'),
('2025-01-08 07:51:00', 'Entrada', NULL, '099.888.777-66'),
('2025-01-08 12:06:00', 'Saída', 'Intervalo para almoço', '099.888.777-66'),
('2025-01-08 13:05:00', 'Entrada', NULL, '099.888.777-66'),
('2025-01-08 16:55:00', 'Saída', NULL, '099.888.777-66'),
('2025-01-08 08:03:00', 'Entrada', NULL, '134.341.431-11'),
('2025-01-08 12:01:00', 'Saída', 'Intervalo para almoço', '134.341.431-11'),
('2025-01-08 12:52:00', 'Entrada', NULL, '134.341.431-11'),
('2025-01-08 17:03:00', 'Saída', NULL, '134.341.431-11'),
('2025-01-09 07:59:00', 'Entrada', NULL, '108.801.888-11'),
('2025-01-09 11:54:00', 'Saída', 'Intervalo para almoço', '108.801.888-11'),
('2025-01-09 13:05:00', 'Entrada', NULL, '108.801.888-11'),
('2025-01-09 16:58:00', 'Saída', NULL, '108.801.888-11'),
('2025-01-09 08:01:00', 'Entrada', NULL, '077.321.654-00'),
('2025-01-09 12:08:00', 'Saída', 'Intervalo para almoço', '077.321.654-00'),
('2025-01-09 12:58:00', 'Entrada', NULL, '077.321.654-00'),
('2025-01-09 17:02:00', 'Saída', NULL, '077.321.654-00'),
('2025-01-09 08:08:00', 'Entrada', NULL, '014.140.410-44'),
('2025-01-09 12:08:00', 'Saída', 'Intervalo para almoço', '014.140.410-44'),
('2025-01-09 12:55:00', 'Entrada', NULL, '014.140.410-44'),
('2025-01-09 17:04:00', 'Saída', NULL, '014.140.410-44'),
('2025-01-09 07:51:00', 'Entrada', NULL, '099.888.777-66'),
('2025-01-09 12:07:00', 'Saída', 'Intervalo para almoço', '099.888.777-66'),
('2025-01-09 12:50:00', 'Entrada', NULL, '099.888.777-66'),
('2025-01-09 17:07:00', 'Saída', NULL, '099.888.777-66'),
('2025-01-09 07:56:00', 'Entrada', NULL, '134.341.431-11'),
('2025-01-09 11:54:00', 'Saída', 'Intervalo para almoço', '134.341.431-11'),
('2025-01-09 12:52:00', 'Entrada', NULL, '134.341.431-11'),
('2025-01-09 16:58:00', 'Saída', NULL, '134.341.431-11'),
('2025-01-10 08:09:00', 'Entrada', NULL, '108.801.888-11'),
('2025-01-10 12:09:00', 'Saída', 'Intervalo para almoço', '108.801.888-11'),
('2025-01-10 12:56:00', 'Entrada', NULL, '108.801.888-11'),
('2025-01-10 16:55:00', 'Saída', NULL, '108.801.888-11'),
('2025-01-10 07:56:00', 'Entrada', NULL, '077.321.654-00'),
('2025-01-10 12:02:00', 'Saída', 'Intervalo para almoço', '077.321.654-00'),
('2025-01-10 12:54:00', 'Entrada', NULL, '077.321.654-00'),
('2025-01-10 16:50:00', 'Saída', NULL, '077.321.654-00'),
('2025-01-10 07:52:00', 'Entrada', NULL, '014.140.410-44'),
('2025-01-10 11:57:00', 'Saída', 'Intervalo para almoço', '014.140.410-44'),
('2025-01-10 12:56:00', 'Entrada', NULL, '014.140.410-44'),
('2025-01-10 16:53:00', 'Saída', NULL, '014.140.410-44'),
('2025-01-10 08:03:00', 'Entrada', NULL, '099.888.777-66'),
('2025-01-10 11:51:00', 'Saída', 'Intervalo para almoço', '099.888.777-66'),
('2025-01-10 13:08:00', 'Entrada', NULL, '099.888.777-66'),
('2025-01-10 16:57:00', 'Saída', NULL, '099.888.777-66'),
('2025-01-10 07:51:00', 'Entrada', NULL, '134.341.431-11'),
('2025-01-10 12:01:00', 'Saída', 'Intervalo para almoço', '134.341.431-11'),
('2025-01-10 13:05:00', 'Entrada', NULL, '134.341.431-11'),
('2025-01-10 16:58:00', 'Saída', NULL, '134.341.431-11'),
('2025-01-13 07:51:00', 'Entrada', NULL, '108.801.888-11'),
('2025-01-13 12:03:00', 'Saída', 'Intervalo para almoço', '108.801.888-11'),
('2025-01-13 13:01:00', 'Entrada', NULL, '108.801.888-11'),
('2025-01-13 17:10:00', 'Saída', NULL, '108.801.888-11'),
('2025-01-13 07:58:00', 'Entrada', NULL, '077.321.654-00'),
('2025-01-13 12:10:00', 'Saída', 'Intervalo para almoço', '077.321.654-00'),
('2025-01-13 13:05:00', 'Entrada', NULL, '077.321.654-00'),
('2025-01-13 17:02:00', 'Saída', NULL, '077.321.654-00'),
('2025-01-13 08:07:00', 'Entrada', NULL, '014.140.410-44'),
('2025-01-13 12:01:00', 'Saída', 'Intervalo para almoço', '014.140.410-44'),
('2025-01-13 13:07:00', 'Entrada', NULL, '014.140.410-44'),
('2025-01-13 16:57:00', 'Saída', NULL, '014.140.410-44'),
('2025-01-13 07:53:00', 'Entrada', NULL, '099.888.777-66'),
('2025-01-13 11:50:00', 'Saída', 'Intervalo para almoço', '099.888.777-66'),
('2025-01-13 12:50:00', 'Entrada', NULL, '099.888.777-66'),
('2025-01-13 16:57:00', 'Saída', NULL, '099.888.777-66'),
('2025-01-13 08:05:00', 'Entrada', NULL, '134.341.431-11'),
('2025-01-13 11:53:00', 'Saída', 'Intervalo para almoço', '134.341.431-11'),
('2025-01-13 13:10:00', 'Entrada', NULL, '134.341.431-11'),
('2025-01-13 16:52:00', 'Saída', NULL, '134.341.431-11'),
('2025-01-14 08:08:00', 'Entrada', NULL, '108.801.888-11'),
('2025-01-14 11:52:00', 'Saída', 'Intervalo para almoço', '108.801.888-11'),
('2025-01-14 13:02:00', 'Entrada', NULL, '108.801.888-11'),
('2025-01-14 16:57:00', 'Saída', NULL, '108.801.888-11'),
('2025-01-14 07:52:00', 'Entrada', NULL, '077.321.654-00'),
('2025-01-14 11:51:00', 'Saída', 'Intervalo para almoço', '077.321.654-00'),
('2025-01-14 13:09:00', 'Entrada', NULL, '077.321.654-00'),
('2025-01-14 16:50:00', 'Saída', NULL, '077.321.654-00'),
('2025-01-14 07:51:00', 'Entrada', NULL, '014.140.410-44'),
('2025-01-14 12:10:00', 'Saída', 'Intervalo para almoço', '014.140.410-44'),
('2025-01-14 13:03:00', 'Entrada', NULL, '014.140.410-44'),
('2025-01-14 17:04:00', 'Saída', NULL, '014.140.410-44'),
('2025-01-14 07:58:00', 'Entrada', NULL, '099.888.777-66'),
('2025-01-14 11:50:00', 'Saída', 'Intervalo para almoço', '099.888.777-66'),
('2025-01-14 12:51:00', 'Entrada', NULL, '099.888.777-66'),
('2025-01-14 17:01:00', 'Saída', NULL, '099.888.777-66'),
('2025-01-14 07:55:00', 'Entrada', NULL, '134.341.431-11'),
('2025-01-14 12:00:00', 'Saída', 'Intervalo para almoço', '134.341.431-11'),
('2025-01-14 12:58:00', 'Entrada', NULL, '134.341.431-11'),
('2025-01-14 17:00:00', 'Saída', NULL, '134.341.431-11'),
('2025-01-15 07:53:00', 'Entrada', NULL, '108.801.888-11'),
('2025-01-15 11:55:00', 'Saída', 'Intervalo para almoço', '108.801.888-11'),
('2025-01-15 12:57:00', 'Entrada', NULL, '108.801.888-11'),
('2025-01-15 17:06:00', 'Saída', NULL, '108.801.888-11'),
('2025-01-15 07:54:00', 'Entrada', NULL, '077.321.654-00'),
('2025-01-15 12:07:00', 'Saída', 'Intervalo para almoço', '077.321.654-00'),
('2025-01-15 13:08:00', 'Entrada', NULL, '077.321.654-00'),
('2025-01-15 16:51:00', 'Saída', NULL, '077.321.654-00'),
('2025-01-15 08:01:00', 'Entrada', NULL, '014.140.410-44'),
('2025-01-15 12:01:00', 'Saída', 'Intervalo para almoço', '014.140.410-44'),
('2025-01-15 13:01:00', 'Entrada', NULL, '014.140.410-44'),
('2025-01-15 16:52:00', 'Saída', NULL, '014.140.410-44'),
('2025-01-15 08:06:00', 'Entrada', NULL, '099.888.777-66'),
('2025-01-15 12:05:00', 'Saída', 'Intervalo para almoço', '099.888.777-66'),
('2025-01-15 12:53:00', 'Entrada', NULL, '099.888.777-66'),
('2025-01-15 16:55:00', 'Saída', NULL, '099.888.777-66'),
('2025-01-15 07:56:00', 'Entrada', NULL, '134.341.431-11'),
('2025-01-15 12:06:00', 'Saída', 'Intervalo para almoço', '134.341.431-11'),
('2025-01-15 12:51:00', 'Entrada', NULL, '134.341.431-11'),
('2025-01-15 17:10:00', 'Saída', NULL, '134.341.431-11'),
('2025-01-16 08:01:00', 'Entrada', NULL, '108.801.888-11'),
('2025-01-16 11:52:00', 'Saída', 'Intervalo para almoço', '108.801.888-11'),
('2025-01-16 13:03:00', 'Entrada', NULL, '108.801.888-11'),
('2025-01-16 16:50:00', 'Saída', NULL, '108.801.888-11'),
('2025-01-16 07:56:00', 'Entrada', NULL, '077.321.654-00'),
('2025-01-16 12:08:00', 'Saída', 'Intervalo para almoço', '077.321.654-00'),
('2025-01-16 13:00:00', 'Entrada', NULL, '077.321.654-00'),
('2025-01-16 16:55:00', 'Saída', NULL, '077.321.654-00'),
('2025-01-16 07:57:00', 'Entrada', NULL, '014.140.410-44'),
('2025-01-16 11:54:00', 'Saída', 'Intervalo para almoço', '014.140.410-44'),
('2025-01-16 12:52:00', 'Entrada', NULL, '014.140.410-44'),
('2025-01-16 17:07:00', 'Saída', NULL, '014.140.410-44'),
('2025-01-16 08:08:00', 'Entrada', NULL, '099.888.777-66'),
('2025-01-16 12:00:00', 'Saída', 'Intervalo para almoço', '099.888.777-66'),
('2025-01-16 12:56:00', 'Entrada', NULL, '099.888.777-66'),
('2025-01-16 16:58:00', 'Saída', NULL, '099.888.777-66'),
('2025-01-16 08:09:00', 'Entrada', NULL, '134.341.431-11'),
('2025-01-16 11:54:00', 'Saída', 'Intervalo para almoço', '134.341.431-11'),
('2025-01-16 13:01:00', 'Entrada', NULL, '134.341.431-11'),
('2025-01-16 17:08:00', 'Saída', NULL, '134.341.431-11'),
('2025-01-17 07:58:00', 'Entrada', NULL, '108.801.888-11'),
('2025-01-17 11:54:00', 'Saída', 'Intervalo para almoço', '108.801.888-11'),
('2025-01-17 12:53:00', 'Entrada', NULL, '108.801.888-11'),
('2025-01-17 16:57:00', 'Saída', NULL, '108.801.888-11'),
('2025-01-17 08:04:00', 'Entrada', NULL, '077.321.654-00'),
('2025-01-17 12:05:00', 'Saída', 'Intervalo para almoço', '077.321.654-00'),
('2025-01-17 12:59:00', 'Entrada', NULL, '077.321.654-00'),
('2025-01-17 17:02:00', 'Saída', NULL, '077.321.654-00'),
('2025-01-17 08:05:00', 'Entrada', NULL, '014.140.410-44'),
('2025-01-17 11:51:00', 'Saída', 'Intervalo para almoço', '014.140.410-44'),
('2025-01-17 13:01:00', 'Entrada', NULL, '014.140.410-44'),
('2025-01-17 17:02:00', 'Saída', NULL, '014.140.410-44'),
('2025-01-17 07:51:00', 'Entrada', NULL, '099.888.777-66'),
('2025-01-17 12:09:00', 'Saída', 'Intervalo para almoço', '099.888.777-66'),
('2025-01-17 12:52:00', 'Entrada', NULL, '099.888.777-66'),
('2025-01-17 16:56:00', 'Saída', NULL, '099.888.777-66'),
('2025-01-17 08:10:00', 'Entrada', NULL, '134.341.431-11'),
('2025-01-17 12:09:00', 'Saída', 'Intervalo para almoço', '134.341.431-11'),
('2025-01-17 13:01:00', 'Entrada', NULL, '134.341.431-11'),
('2025-01-17 16:50:00', 'Saída', NULL, '134.341.431-11'),
('2025-01-20 08:00:00', 'Entrada', NULL, '108.801.888-11'),
('2025-01-20 12:01:00', 'Saída', 'Intervalo para almoço', '108.801.888-11'),
('2025-01-20 13:03:00', 'Entrada', NULL, '108.801.888-11'),
('2025-01-20 16:58:00', 'Saída', NULL, '108.801.888-11'),
('2025-01-20 07:50:00', 'Entrada', NULL, '077.321.654-00'),
('2025-01-20 11:58:00', 'Saída', 'Intervalo para almoço', '077.321.654-00'),
('2025-01-20 13:03:00', 'Entrada', NULL, '077.321.654-00'),
('2025-01-20 17:07:00', 'Saída', NULL, '077.321.654-00'),
('2025-01-20 07:52:00', 'Entrada', NULL, '014.140.410-44'),
('2025-01-20 12:04:00', 'Saída', 'Intervalo para almoço', '014.140.410-44'),
('2025-01-20 12:50:00', 'Entrada', NULL, '014.140.410-44'),
('2025-01-20 17:10:00', 'Saída', NULL, '014.140.410-44'),
('2025-01-20 07:51:00', 'Entrada', NULL, '099.888.777-66'),
('2025-01-20 11:58:00', 'Saída', 'Intervalo para almoço', '099.888.777-66'),
('2025-01-20 12:59:00', 'Entrada', NULL, '099.888.777-66'),
('2025-01-20 17:03:00', 'Saída', NULL, '099.888.777-66'),
('2025-01-20 08:00:00', 'Entrada', NULL, '134.341.431-11'),
('2025-01-20 12:06:00', 'Saída', 'Intervalo para almoço', '134.341.431-11'),
('2025-01-20 13:01:00', 'Entrada', NULL, '134.341.431-11'),
('2025-01-20 17:02:00', 'Saída', NULL, '134.341.431-11'),
('2025-01-21 08:06:00', 'Entrada', NULL, '108.801.888-11'),
('2025-01-21 12:08:00', 'Saída', 'Intervalo para almoço', '108.801.888-11'),
('2025-01-21 12:56:00', 'Entrada', NULL, '108.801.888-11'),
('2025-01-21 17:07:00', 'Saída', NULL, '108.801.888-11'),
('2025-01-21 08:05:00', 'Entrada', NULL, '077.321.654-00'),
('2025-01-21 12:01:00', 'Saída', 'Intervalo para almoço', '077.321.654-00'),
('2025-01-21 13:07:00', 'Entrada', NULL, '077.321.654-00'),
('2025-01-21 17:10:00', 'Saída', NULL, '077.321.654-00'),
('2025-01-21 08:08:00', 'Entrada', NULL, '014.140.410-44'),
('2025-01-21 11:51:00', 'Saída', 'Intervalo para almoço', '014.140.410-44'),
('2025-01-21 12:56:00', 'Entrada', NULL, '014.140.410-44'),
('2025-01-21 17:06:00', 'Saída', NULL, '014.140.410-44'),
('2025-01-21 07:53:00', 'Entrada', NULL, '099.888.777-66'),
('2025-01-21 11:53:00', 'Saída', 'Intervalo para almoço', '099.888.777-66'),
('2025-01-21 13:06:00', 'Entrada', NULL, '099.888.777-66'),
('2025-01-21 17:10:00', 'Saída', NULL, '099.888.777-66'),
('2025-01-21 08:05:00', 'Entrada', NULL, '134.341.431-11'),
('2025-01-21 11:50:00', 'Saída', 'Intervalo para almoço', '134.341.431-11'),
('2025-01-21 12:55:00', 'Entrada', NULL, '134.341.431-11'),
('2025-01-21 17:04:00', 'Saída', NULL, '134.341.431-11'),
('2025-01-22 08:06:00', 'Entrada', NULL, '108.801.888-11'),
('2025-01-22 12:04:00', 'Saída', 'Intervalo para almoço', '108.801.888-11'),
('2025-01-22 12:51:00', 'Entrada', NULL, '108.801.888-11'),
('2025-01-22 16:59:00', 'Saída', NULL, '108.801.888-11'),
('2025-01-22 07:51:00', 'Entrada', NULL, '077.321.654-00'),
('2025-01-22 11:57:00', 'Saída', 'Intervalo para almoço', '077.321.654-00'),
('2025-01-22 13:06:00', 'Entrada', NULL, '077.321.654-00'),
('2025-01-22 17:01:00', 'Saída', NULL, '077.321.654-00'),
('2025-01-22 07:54:00', 'Entrada', NULL, '014.140.410-44'),
('2025-01-22 12:05:00', 'Saída', 'Intervalo para almoço', '014.140.410-44'),
('2025-01-22 12:54:00', 'Entrada', NULL, '014.140.410-44'),
('2025-01-22 16:57:00', 'Saída', NULL, '014.140.410-44'),
('2025-01-22 08:00:00', 'Entrada', NULL, '099.888.777-66'),
('2025-01-22 11:54:00', 'Saída', 'Intervalo para almoço', '099.888.777-66'),
('2025-01-22 13:03:00', 'Entrada', NULL, '099.888.777-66'),
('2025-01-22 17:07:00', 'Saída', NULL, '099.888.777-66'),
('2025-01-22 08:03:00', 'Entrada', NULL, '134.341.431-11'),
('2025-01-22 12:08:00', 'Saída', 'Intervalo para almoço', '134.341.431-11'),
('2025-01-22 13:02:00', 'Entrada', NULL, '134.341.431-11'),
('2025-01-22 16:53:00', 'Saída', NULL, '134.341.431-11'),
('2025-01-23 07:56:00', 'Entrada', NULL, '108.801.888-11'),
('2025-01-23 11:56:00', 'Saída', 'Intervalo para almoço', '108.801.888-11'),
('2025-01-23 12:56:00', 'Entrada', NULL, '108.801.888-11'),
('2025-01-23 17:00:00', 'Saída', NULL, '108.801.888-11'),
('2025-01-23 07:51:00', 'Entrada', NULL, '077.321.654-00'),
('2025-01-23 12:04:00', 'Saída', 'Intervalo para almoço', '077.321.654-00'),
('2025-01-23 12:55:00', 'Entrada', NULL, '077.321.654-00'),
('2025-01-23 17:09:00', 'Saída', NULL, '077.321.654-00'),
('2025-01-23 08:08:00', 'Entrada', NULL, '014.140.410-44'),
('2025-01-23 11:51:00', 'Saída', 'Intervalo para almoço', '014.140.410-44'),
('2025-01-23 12:55:00', 'Entrada', NULL, '014.140.410-44'),
('2025-01-23 16:50:00', 'Saída', NULL, '014.140.410-44'),
('2025-01-23 07:53:00', 'Entrada', NULL, '099.888.777-66'),
('2025-01-23 12:07:00', 'Saída', 'Intervalo para almoço', '099.888.777-66'),
('2025-01-23 12:59:00', 'Entrada', NULL, '099.888.777-66'),
('2025-01-23 17:02:00', 'Saída', NULL, '099.888.777-66'),
('2025-01-23 08:02:00', 'Entrada', NULL, '134.341.431-11'),
('2025-01-23 12:09:00', 'Saída', 'Intervalo para almoço', '134.341.431-11'),
('2025-01-23 13:09:00', 'Entrada', NULL, '134.341.431-11'),
('2025-01-23 16:55:00', 'Saída', NULL, '134.341.431-11'),
('2025-01-24 08:09:00', 'Entrada', NULL, '108.801.888-11'),
('2025-01-24 11:57:00', 'Saída', 'Intervalo para almoço', '108.801.888-11'),
('2025-01-24 13:00:00', 'Entrada', NULL, '108.801.888-11'),
('2025-01-24 17:02:00', 'Saída', NULL, '108.801.888-11'),
('2025-01-24 08:10:00', 'Entrada', NULL, '077.321.654-00'),
('2025-01-24 11:59:00', 'Saída', 'Intervalo para almoço', '077.321.654-00'),
('2025-01-24 12:55:00', 'Entrada', NULL, '077.321.654-00'),
('2025-01-24 17:00:00', 'Saída', NULL, '077.321.654-00'),
('2025-01-24 07:58:00', 'Entrada', NULL, '014.140.410-44'),
('2025-01-24 12:06:00', 'Saída', 'Intervalo para almoço', '014.140.410-44'),
('2025-01-24 12:59:00', 'Entrada', NULL, '014.140.410-44'),
('2025-01-24 16:56:00', 'Saída', NULL, '014.140.410-44'),
('2025-01-24 07:53:00', 'Entrada', NULL, '099.888.777-66'),
('2025-01-24 12:04:00', 'Saída', 'Intervalo para almoço', '099.888.777-66'),
('2025-01-24 13:07:00', 'Entrada', NULL, '099.888.777-66'),
('2025-01-24 17:02:00', 'Saída', NULL, '099.888.777-66'),
('2025-01-24 07:53:00', 'Entrada', NULL, '134.341.431-11'),
('2025-01-24 11:59:00', 'Saída', 'Intervalo para almoço', '134.341.431-11'),
('2025-01-24 12:53:00', 'Entrada', NULL, '134.341.431-11'),
('2025-01-24 17:05:00', 'Saída', NULL, '134.341.431-11'),
('2025-01-27 07:51:00', 'Entrada', NULL, '108.801.888-11'),
('2025-01-27 12:04:00', 'Saída', 'Intervalo para almoço', '108.801.888-11'),
('2025-01-27 13:06:00', 'Entrada', NULL, '108.801.888-11'),
('2025-01-27 17:06:00', 'Saída', NULL, '108.801.888-11'),
('2025-01-27 08:10:00', 'Entrada', NULL, '077.321.654-00'),
('2025-01-27 12:04:00', 'Saída', 'Intervalo para almoço', '077.321.654-00'),
('2025-01-27 13:08:00', 'Entrada', NULL, '077.321.654-00'),
('2025-01-27 17:08:00', 'Saída', NULL, '077.321.654-00'),
('2025-01-27 07:51:00', 'Entrada', NULL, '014.140.410-44'),
('2025-01-27 11:50:00', 'Saída', 'Intervalo para almoço', '014.140.410-44'),
('2025-01-27 13:07:00', 'Entrada', NULL, '014.140.410-44'),
('2025-01-27 16:51:00', 'Saída', NULL, '014.140.410-44'),
('2025-01-27 07:58:00', 'Entrada', NULL, '099.888.777-66'),
('2025-01-27 11:53:00', 'Saída', 'Intervalo para almoço', '099.888.777-66'),
('2025-01-27 12:58:00', 'Entrada', NULL, '099.888.777-66'),
('2025-01-27 16:54:00', 'Saída', NULL, '099.888.777-66'),
('2025-01-27 08:08:00', 'Entrada', NULL, '134.341.431-11'),
('2025-01-27 11:54:00', 'Saída', 'Intervalo para almoço', '134.341.431-11'),
('2025-01-27 13:06:00', 'Entrada', NULL, '134.341.431-11'),
('2025-01-27 16:59:00', 'Saída', NULL, '134.341.431-11'),
('2025-01-28 08:01:00', 'Entrada', NULL, '108.801.888-11'),
('2025-01-28 12:06:00', 'Saída', 'Intervalo para almoço', '108.801.888-11'),
('2025-01-28 12:57:00', 'Entrada', NULL, '108.801.888-11'),
('2025-01-28 17:09:00', 'Saída', NULL, '108.801.888-11'),
('2025-01-28 08:00:00', 'Entrada', NULL, '077.321.654-00'),
('2025-01-28 11:58:00', 'Saída', 'Intervalo para almoço', '077.321.654-00'),
('2025-01-28 12:54:00', 'Entrada', NULL, '077.321.654-00'),
('2025-01-28 16:56:00', 'Saída', NULL, '077.321.654-00'),
('2025-01-28 08:03:00', 'Entrada', NULL, '014.140.410-44'),
('2025-01-28 11:52:00', 'Saída', 'Intervalo para almoço', '014.140.410-44'),
('2025-01-28 12:56:00', 'Entrada', NULL, '014.140.410-44'),
('2025-01-28 16:56:00', 'Saída', NULL, '014.140.410-44'),
('2025-01-28 08:07:00', 'Entrada', NULL, '099.888.777-66'),
('2025-01-28 12:07:00', 'Saída', 'Intervalo para almoço', '099.888.777-66'),
('2025-01-28 12:53:00', 'Entrada', NULL, '099.888.777-66'),
('2025-01-28 16:59:00', 'Saída', NULL, '099.888.777-66'),
('2025-01-28 07:59:00', 'Entrada', NULL, '134.341.431-11'),
('2025-01-28 11:51:00', 'Saída', 'Intervalo para almoço', '134.341.431-11'),
('2025-01-28 13:04:00', 'Entrada', NULL, '134.341.431-11'),
('2025-01-28 17:08:00', 'Saída', NULL, '134.341.431-11'),
('2025-01-29 08:10:00', 'Entrada', NULL, '108.801.888-11'),
('2025-01-29 11:56:00', 'Saída', 'Intervalo para almoço', '108.801.888-11'),
('2025-01-29 12:53:00', 'Entrada', NULL, '108.801.888-11'),
('2025-01-29 16:57:00', 'Saída', NULL, '108.801.888-11'),
('2025-01-29 07:58:00', 'Entrada', NULL, '077.321.654-00'),
('2025-01-29 11:52:00', 'Saída', 'Intervalo para almoço', '077.321.654-00'),
('2025-01-29 12:58:00', 'Entrada', NULL, '077.321.654-00'),
('2025-01-29 17:00:00', 'Saída', NULL, '077.321.654-00'),
('2025-01-29 08:05:00', 'Entrada', NULL, '014.140.410-44'),
('2025-01-29 11:58:00', 'Saída', 'Intervalo para almoço', '014.140.410-44'),
('2025-01-29 12:53:00', 'Entrada', NULL, '014.140.410-44'),
('2025-01-29 17:05:00', 'Saída', NULL, '014.140.410-44'),
('2025-01-29 08:00:00', 'Entrada', NULL, '099.888.777-66'),
('2025-01-29 11:59:00', 'Saída', 'Intervalo para almoço', '099.888.777-66'),
('2025-01-29 13:01:00', 'Entrada', NULL, '099.888.777-66'),
('2025-01-29 17:03:00', 'Saída', NULL, '099.888.777-66'),
('2025-01-29 08:02:00', 'Entrada', NULL, '134.341.431-11'),
('2025-01-29 12:02:00', 'Saída', 'Intervalo para almoço', '134.341.431-11'),
('2025-01-29 12:58:00', 'Entrada', NULL, '134.341.431-11'),
('2025-01-29 16:50:00', 'Saída', NULL, '134.341.431-11'),
('2025-01-30 08:06:00', 'Entrada', NULL, '108.801.888-11'),
('2025-01-30 11:53:00', 'Saída', 'Intervalo para almoço', '108.801.888-11'),
('2025-01-30 13:06:00', 'Entrada', NULL, '108.801.888-11'),
('2025-01-30 17:03:00', 'Saída', NULL, '108.801.888-11'),
('2025-01-30 07:50:00', 'Entrada', NULL, '077.321.654-00'),
('2025-01-30 12:05:00', 'Saída', 'Intervalo para almoço', '077.321.654-00'),
('2025-01-30 12:53:00', 'Entrada', NULL, '077.321.654-00'),
('2025-01-30 16:55:00', 'Saída', NULL, '077.321.654-00'),
('2025-01-30 08:07:00', 'Entrada', NULL, '014.140.410-44'),
('2025-01-30 12:01:00', 'Saída', 'Intervalo para almoço', '014.140.410-44'),
('2025-01-30 13:10:00', 'Entrada', NULL, '014.140.410-44'),
('2025-01-30 16:50:00', 'Saída', NULL, '014.140.410-44'),
('2025-01-30 07:55:00', 'Entrada', NULL, '099.888.777-66'),
('2025-01-30 12:08:00', 'Saída', 'Intervalo para almoço', '099.888.777-66'),
('2025-01-30 13:09:00', 'Entrada', NULL, '099.888.777-66'),
('2025-01-30 16:57:00', 'Saída', NULL, '099.888.777-66'),
('2025-01-30 08:10:00', 'Entrada', NULL, '134.341.431-11'),
('2025-01-30 12:03:00', 'Saída', 'Intervalo para almoço', '134.341.431-11'),
('2025-01-30 13:04:00', 'Entrada', NULL, '134.341.431-11'),
('2025-01-30 16:51:00', 'Saída', NULL, '134.341.431-11'),
('2025-01-31 08:05:00', 'Entrada', NULL, '108.801.888-11'),
('2025-01-31 12:02:00', 'Saída', 'Intervalo para almoço', '108.801.888-11'),
('2025-01-31 13:01:00', 'Entrada', NULL, '108.801.888-11'),
('2025-01-31 17:02:00', 'Saída', NULL, '108.801.888-11'),
('2025-01-31 08:06:00', 'Entrada', NULL, '077.321.654-00'),
('2025-01-31 11:56:00', 'Saída', 'Intervalo para almoço', '077.321.654-00'),
('2025-01-31 12:56:00', 'Entrada', NULL, '077.321.654-00'),
('2025-01-31 16:59:00', 'Saída', NULL, '077.321.654-00'),
('2025-01-31 07:54:00', 'Entrada', NULL, '014.140.410-44'),
('2025-01-31 12:07:00', 'Saída', 'Intervalo para almoço', '014.140.410-44'),
('2025-01-31 13:04:00', 'Entrada', NULL, '014.140.410-44'),
('2025-01-31 17:08:00', 'Saída', NULL, '014.140.410-44'),
('2025-01-31 08:02:00', 'Entrada', NULL, '099.888.777-66'),
('2025-01-31 12:03:00', 'Saída', 'Intervalo para almoço', '099.888.777-66'),
('2025-01-31 12:51:00', 'Entrada', NULL, '099.888.777-66'),
('2025-01-31 17:03:00', 'Saída', NULL, '099.888.777-66'),
('2025-01-31 08:07:00', 'Entrada', NULL, '134.341.431-11'),
('2025-01-31 12:10:00', 'Saída', 'Intervalo para almoço', '134.341.431-11'),
('2025-01-31 12:54:00', 'Entrada', NULL, '134.341.431-11'),
('2025-01-31 16:59:00', 'Saída', NULL, '134.341.431-11');

INSERT INTO Ferias (anoRef, dataInicio, qtdDias, valor, status, Funcionario_CPF) VALUES
(2022, '2022-01-10', 30, 002500.00, 'Aprovado', '108.801.888-11'),
(2023, '2023-01-15', 20, 002200.00, 'Aprovado', '108.801.888-11'),
(2024, '2024-02-01', 15, 002800.00, 'Aprovado', '108.801.888-11'),
(2025, '2025-03-05', 20, 003000.00, 'Em andamento', '108.801.888-11'),
(2022, '2022-07-10', 30, 003200.00, 'Aprovado', '108.801.888-11'),
(2023, '2023-07-15', 20, 002400.00, 'Programado', '108.801.888-11'),
(2024, '2024-08-01', 25, 004000.00, 'Aprovado', '108.801.888-11'),
(2025, '2025-08-05', 20, 003600.00, 'Pendente', '108.801.888-11'),
(2023, '2023-11-10', 15, 002300.00, 'Aprovado', '108.801.888-11'),
(2024, '2024-12-01', 30, 004200.00, 'Aprovado', '108.801.888-11'),

(2022, '2022-01-05', 20, 002100.00, 'Aprovado', '077.321.654-00'),
(2023, '2023-02-12', 30, 003400.00, 'Aprovado', '077.321.654-00'),
(2024, '2024-03-01', 15, 002800.00, 'Programado', '077.321.654-00'),
(2025, '2025-04-07', 25, 003700.00, 'Em andamento', '077.321.654-00'),
(2022, '2022-07-20', 30, 004000.00, 'Aprovado', '077.321.654-00'),
(2023, '2023-08-01', 20, 002600.00, 'Aprovado', '077.321.654-00'),
(2024, '2024-09-15', 25, 003500.00, 'Aprovado', '077.321.654-00'),
(2025, '2025-10-10', 15, 002200.00, 'Programado', '077.321.654-00'),
(2023, '2023-12-05', 30, 004300.00, 'Aprovado', '077.321.654-00'),
(2024, '2024-12-20', 20, 002900.00, 'Aprovado', '077.321.654-00'),

(2022, '2022-02-01', 30, 003200.00, 'Aprovado', '014.140.410-44'),
(2023, '2023-03-05', 15, 002100.00, 'Pendente', '014.140.410-44'),
(2024, '2024-04-10', 25, 003800.00, 'Aprovado', '014.140.410-44'),
(2025, '2025-05-15', 20, 002900.00, 'Em andamento', '014.140.410-44'),
(2022, '2022-08-01', 20, 002400.00, 'Aprovado', '014.140.410-44'),
(2023, '2023-08-20', 30, 004400.00, 'Aprovado', '014.140.410-44'),
(2024, '2024-09-25', 15, 002600.00, 'Programado', '014.140.410-44'),
(2025, '2025-10-15', 25, 003900.00, 'Aprovado', '014.140.410-44'),
(2023, '2023-11-25', 20, 003000.00, 'Aprovado', '014.140.410-44'),
(2024, '2024-12-28', 30, 004500.00, 'Aprovado', '014.140.410-44'),

(2022, '2022-01-20', 15, 002300.00, 'Aprovado', '099.888.777-66'),
(2023, '2023-02-18', 25, 003200.00, 'Aprovado', '099.888.777-66'),
(2024, '2024-03-22', 20, 002800.00, 'Programado', '099.888.777-66'),
(2025, '2025-04-28', 30, 004200.00, 'Em andamento', '099.888.777-66'),
(2022, '2022-06-10', 25, 003600.00, 'Aprovado', '099.888.777-66'),
(2023, '2023-07-12', 15, 002100.00, 'Aprovado', '099.888.777-66'),
(2024, '2024-08-14', 20, 002700.00, 'Programado', '099.888.777-66'),
(2025, '2025-09-16', 30, 004400.00, 'Aprovado', '099.888.777-66'),
(2023, '2023-10-20', 20, 002900.00, 'Aprovado', '099.888.777-66'),
(2024, '2024-11-22', 25, 003800.00, 'Aprovado', '099.888.777-66'),

(2022, '2022-01-25', 30, 003100.00, 'Aprovado', '134.341.431-11'),
(2023, '2023-02-28', 20, 002600.00, 'Aprovado', '134.341.431-11'),
(2024, '2024-04-02', 25, 003700.00, 'Programado', '134.341.431-11'),
(2025, '2025-05-05', 30, 004300.00, 'Em andamento', '134.341.431-11'),
(2022, '2022-06-15', 15, 002200.00, 'Aprovado', '134.341.431-11'),
(2023, '2023-07-18', 25, 003900.00, 'Aprovado', '134.341.431-11'),
(2024, '2024-08-21', 30, 004500.00, 'Aprovado', '134.341.431-11'),
(2025, '2025-09-23', 20, 002700.00, 'Programado', '134.341.431-11'),
(2023, '2023-10-27', 25, 003800.00, 'Aprovado', '134.341.431-11'),
(2024, '2024-11-29', 15, 002400.00, 'Aprovado', '134.341.431-11');

INSERT INTO cargo (CBO, nome, faixaSalarial) VALUES
(422120, 'Recepcionista de Hotel', 'R$ 1.800,00 - R$ 2.500,00'),
(513505, 'Camareira de Hotel', 'R$ 1.600,00 - R$ 2.200,00'),
(513510, 'Auxiliar de Serviços Gerais', 'R$ 1.500,00 - R$ 2.000,00'),
(514105, 'Zelador', 'R$ 1.800,00 - R$ 2.400,00'),
(354805, 'Supervisor de Hospedagem', 'R$ 3.000,00 - R$ 4.200,00'),
(141205, 'Gerente de Hotel', 'R$ 5.500,00 - R$ 8.000,00'),
(411005, 'Auxiliar Administrativo', 'R$ 1.900,00 - R$ 2.600,00'),
(422105, 'Atendente de Reservas', 'R$ 1.800,00 - R$ 2.500,00'),
(513205, 'Garçom', 'R$ 1.700,00 - R$ 2.300,00'),
(513215, 'Barman', 'R$ 1.800,00 - R$ 2.400,00'),
(513220, 'Cozinheiro', 'R$ 2.200,00 - R$ 3.200,00'),
(513225, 'Auxiliar de Cozinha', 'R$ 1.600,00 - R$ 2.200,00'),
(514305, 'Jardineiro', 'R$ 1.700,00 - R$ 2.400,00'),
(514215, 'Manutenção Predial', 'R$ 2.000,00 - R$ 2.800,00'),
(517415, 'Segurança Patrimonial', 'R$ 2.000,00 - R$ 2.700,00');

INSERT INTO departamento (nome, local, descricao, Gerente_CPF) VALUES
('Administração', 'Bloco Administrativo', 'Responsável pela gestão financeira, planejamento estratégico e controle geral da pousada.', '108.801.888-11'),
('Recepção', 'Hall de Entrada', 'Atendimento aos hóspedes, check-in, check-out e suporte às reservas.', '108.801.888-11'),
('Hospedagem', 'Bloco de Quartos', 'Gerencia a limpeza, organização e conforto das acomodações.', '077.321.654-00'),
('Alimentos e Bebidas', 'Restaurante Principal', 'Coordena cozinha, bar e serviços de alimentação aos hóspedes.', '077.321.654-00'),
('Eventos', 'Salão de Eventos', 'Organização de festas, conferências, casamentos e outros eventos.', '014.140.410-44'),
('Manutenção', 'Oficina de Manutenção', 'Responsável por reparos elétricos, hidráulicos e prediais da pousada.', '014.140.410-44'),
('Segurança', 'Guarita e Áreas Externas', 'Controle de acesso, monitoramento e proteção patrimonial.', '099.888.777-66'),
('Serviços Gerais', 'Áreas Comuns', 'Limpeza de áreas comuns, apoio em lavanderia e suporte geral.', '099.888.777-66'),
('Marketing e Vendas', 'Bloco Administrativo', 'Gerencia a divulgação da pousada, captação de clientes e parcerias.', '134.341.431-11'),
('Recursos Humanos', 'Bloco Administrativo', 'Recrutamento, seleção, treinamento e suporte aos colaboradores.', '134.341.431-11');

INSERT INTO trabalhar (Funcionario_CPF, Departamento_idDepartamento, Cargo_CBO, dataInicio, dataFim) VALUES
-- Renata Santos: Recepcionista > Supervisora de Hospedagem
('108.801.888-11', 2, 422120, '2020-02-01', '2022-12-31'),
('108.801.888-11', 2, 354805, '2023-01-01', NULL),
-- Aline Souza: Gerente de Hotel
('014.140.410-44', 1, 141205, '2018-03-10', NULL),
-- Lucas Ferreira: Auxiliar Administrativo
('134.341.431-11', 1, 411005, '2023-07-01', NULL),
-- Pedro Leão: Segurança Patrimonial
('134.411.311-44', 7, 517415, '2022-05-15', NULL),
-- Juliana Lima: Camareira de Hotel
('021.547.863-00', 3, 513505, '2019-09-01', NULL),
-- Marcelo Costa: Cozinheiro
('088.998.657-22', 4, 513220, '2017-04-12', NULL),
-- Patrícia Andrade: Garçom
('089.007.654-77', 4, 513205, '2021-01-20', NULL),
-- Renato Silva: Manutenção Predial
('067.789.321-90', 6, 514215, '2020-11-10', NULL),
-- Ana Beatriz Ramos: Auxiliar Administrativo (Marketing)
('055.123.789-22', 9, 411005, '2022-08-05', NULL),
-- Carlos Henrique: Supervisor de Hospedagem
('099.888.777-66', 4, 354805, '2016-06-15', NULL),
-- Fernanda Oliveira: Atendente de Reservas
('088.441.998-31', 2, 422105, '2021-10-01', NULL),
-- João Victor Nunes: Auxiliar Administrativo (RH)
('011.345.987-44', 10, 411005, '2019-05-11', NULL),
-- Mariana Ribeiro: Supervisora de Hospedagem (Eventos)
('065.874.321-56', 5, 354805, '2020-07-20', NULL),
-- Tiago Martins: Garçom
('078.321.654-99', 4, 513205, '2021-03-14', NULL),
-- Camila Duarte: Camareira de Hotel
('012.147.258-63', 3, 513505, '2022-01-22', NULL),
-- Bruno Almeida: Gerente de Hotel (Hospedagem)
('099.321.456-10', 3, 141205, '2019-04-01', NULL),
-- Letícia Mendes: Recepcionista de Hotel
('022.998.741-55', 2, 422120, '2021-06-18', NULL),
-- Gabriel Rocha: Segurança Patrimonial
('033.741.852-96', 7, 517415, '2018-11-25', NULL),
-- Isabela Ferreira: Auxiliar Administrativo (Eventos)
('044.852.963-74', 5, 411005, '2021-02-10', NULL),
-- Felipe Gomes: Auxiliar Administrativo
('055.963.147-82', 1, 411005, '2020-09-14', NULL),
-- Larissa Pinto: Auxiliar Administrativo (RH)
('066.147.963-33', 10, 411005, '2021-07-01', NULL),
-- Rodrigo Menezes: Zelador > Manutenção Predial
('077.321.654-00', 6, 514105, '2015-03-22', '2019-12-31'),
('077.321.654-00', 6, 514215, '2020-01-01', NULL);

alter table uh 
	add column valor decimal(6,2) unsigned zerofill not null after nome;

INSERT INTO tipouh (nome) VALUES
('Standard Solteiro'),
('Standard Casal'),
('Luxo Casal'),
('Luxo Família'),
('Suíte Master'),
('Suíte com Varanda'),
('Chalé'),
('Bangalô Frente Mar');

INSERT INTO uh (nome, valor, local, qtdPessoas, TipoUH_idTipoUH) VALUES
-- Standard Solteiro (6)
('Std Solteiro 101', 180.00, 'Bloco A', 1, 1),
('Std Solteiro 102', 180.00, 'Bloco A', 1, 1),
('Std Solteiro 103', 185.00, 'Bloco A', 1, 1),
('Std Solteiro 104', 185.00, 'Bloco B', 1, 1),
('Std Solteiro 105', 190.00, 'Bloco B', 1, 1),
('Std Solteiro 106', 190.00, 'Bloco B', 1, 1),
-- Standard Casal (8)
('Std Casal 201', 220.00, 'Bloco A', 2, 2),
('Std Casal 202', 220.00, 'Bloco A', 2, 2),
('Std Casal 203', 230.00, 'Bloco A', 2, 2),
('Std Casal 204', 230.00, 'Bloco B', 2, 2),
('Std Casal 205', 240.00, 'Bloco B', 2, 2),
('Std Casal 206', 240.00, 'Bloco B', 2, 2),
('Std Casal 207', 245.00, 'Bloco C', 2, 2),
('Std Casal 208', 245.00, 'Bloco C', 2, 2),
-- Luxo Casal (7)
('Luxo Casal 301', 300.00, 'Bloco C', 2, 3),
('Luxo Casal 302', 300.00, 'Bloco C', 2, 3),
('Luxo Casal 303', 310.00, 'Bloco C', 2, 3),
('Luxo Casal 304', 310.00, 'Bloco D', 2, 3),
('Luxo Casal 305', 320.00, 'Bloco D', 2, 3),
('Luxo Casal 306', 325.00, 'Bloco D', 2, 3),
('Luxo Casal 307', 330.00, 'Bloco D', 2, 3),
-- Luxo Família (6)
('Luxo Família 401', 400.00, 'Bloco D', 4, 4),
('Luxo Família 402', 400.00, 'Bloco D', 4, 4),
('Luxo Família 403', 420.00, 'Bloco D', 4, 4),
('Luxo Família 404', 420.00, 'Bloco E', 4, 4),
('Luxo Família 405', 430.00, 'Bloco E', 4, 4),
('Luxo Família 406', 430.00, 'Bloco E', 4, 4),
-- Suíte Master (4)
('Suíte Master 501', 600.00, 'Bloco E', 2, 5),
('Suíte Master 502', 600.00, 'Bloco E', 2, 5),
('Suíte Master 503', 620.00, 'Bloco E', 3, 5),
('Suíte Master 504', 650.00, 'Bloco F', 3, 5),
-- Suíte com Varanda (5)
('Suíte Varanda 601', 500.00, 'Bloco F', 2, 6),
('Suíte Varanda 602', 500.00, 'Bloco F', 2, 6),
('Suíte Varanda 603', 520.00, 'Bloco F', 2, 6),
('Suíte Varanda 604', 520.00, 'Bloco G', 2, 6),
('Suíte Varanda 605', 540.00, 'Bloco G', 2, 6),
-- Chalé (5)
('Chalé 701', 700.00, 'Jardins', 4, 7),
('Chalé 702', 700.00, 'Jardins', 4, 7),
('Chalé 703', 720.00, 'Jardins', 5, 7),
('Chalé 704', 750.00, 'Jardins', 5, 7),
('Chalé 705', 750.00, 'Jardins', 5, 7),
-- Bangalô Frente Mar (4)
('Bangalô 801', 850.00, 'Praia', 2, 8),
('Bangalô 802', 850.00, 'Praia', 2, 8),
('Bangalô 803', 880.00, 'Praia', 3, 8),
('Bangalô 804', 900.00, 'Praia', 4, 8);

SET SQL_SAFE_UPDATES = 0;

update funcionario
	set salario = salario * 1.25
		where genero = "Feminino";

update funcionario, 
	(select func.cpf from funcionario func
	inner join trabalhar trb on trb.Funcionario_CPF = func.cpf
	inner join cargo crg on crg.CBO = trb.Cargo_CBO
    where crg.nome like "Segurança%" or crg.nome like "Auxiliar%") as crgFunc
	set cargaHoraria = 36
		where funcionario.cpf = crgFunc.cpf;

-- -----------------------------------------------------
-- Tabela `Produto` (Volume Extendido)
-- -----------------------------------------------------
INSERT INTO `Produto` (`nome`, `quantidade`, `valor`, `tipo`) VALUES
('Água Mineral 500ml', 500, 004.50, 'Frigobar'),
('Água Mineral com Gás 500ml', 300, 005.00, 'Frigobar'),
('Refrigerante Lata (Coca-Cola)', 400, 006.50, 'Frigobar'),
('Refrigerante Lata (Guaraná)', 400, 006.50, 'Frigobar'),
('Refrigerante Lata (Sprite)', 200, 006.50, 'Frigobar'),
('Cerveja Long Neck (Heineken)', 300, 012.00, 'Frigobar'),
('Cerveja Long Neck (Stella)', 300, 011.00, 'Frigobar'),
('Cerveja Long Neck (Budweiser)', 200, 009.00, 'Frigobar'),
('Suco de Uva Integral 300ml', 150, 008.00, 'Frigobar'),
('Suco de Laranja 300ml', 150, 008.00, 'Frigobar'),
('Água de Coco 330ml', 100, 009.00, 'Frigobar'),
('Energético Red Bull', 80, 014.00, 'Frigobar'),
('Chocolate Barra (Lacta)', 100, 008.50, 'Snack'),
('Chocolate Barra (Nestlé)', 100, 008.50, 'Snack'),
('KitKat', 120, 006.00, 'Snack'),
('M&Ms (Pequeno)', 80, 007.00, 'Snack'),
('Batata Ruffles (Pequena)', 100, 008.00, 'Snack'),
('Batata Pringles (Pequena)', 60, 014.00, 'Snack'),
('Amendoim Japonês', 100, 005.00, 'Snack'),
('Castanha de Caju 50g', 80, 012.00, 'Snack'),
('Mix de Nuts', 50, 015.00, 'Snack'),
('Vinho Tinto Garrafa 750ml (Casa)', 40, 080.00, 'Frigobar'),
('Vinho Branco Garrafa 375ml (Pequeno)', 30, 050.00, 'Frigobar'),
('Espumante Baby (187ml)', 50, 045.00, 'Frigobar'),
('Vodka Miniatura (50ml)', 20, 018.00, 'Frigobar'),
('Whisky Miniatura (50ml)', 20, 025.00, 'Frigobar'),
('Kit Escova Dental e Creme', 50, 015.00, 'Higiene'),
('Kit Barbear', 30, 012.00, 'Higiene'),
('Absorventes (Pacote)', 20, 018.00, 'Higiene'),
('Preservativo (Pacote 3 un)', 40, 010.00, 'Higiene'),
('Sais de Banho', 15, 020.00, 'Higiene'),
('Rolo de Filme (Câmera)', 10, 045.00, 'Conveniência'),
('Carregador de Celular (Empréstimo)', 5, 050.00, 'Taxa'),
('Adaptador de Tomada', 10, 020.00, 'Conveniência'),
('Chá (Sachê)', 200, 003.00, 'Cortesia'),
('Café (Cápsula)', 300, 005.00, 'Cortesia'),
('Porção de Fritas', 999, 025.00, 'Restaurante'),
('Porção de Macaxeira Frita', 999, 028.00, 'Restaurante'),
('Caldinho de Feijão', 999, 015.00, 'Restaurante'),
('Sanduíche Misto Quente', 999, 018.00, 'Restaurante'),
('Hambúrguer da Casa', 999, 035.00, 'Restaurante'),
('Prato Executivo - Frango Grelhado', 999, 042.00, 'Restaurante'),
('Prato Executivo - Peixe Grelhado', 999, 055.00, 'Restaurante'),
('Prato Executivo - Filé Mignon', 999, 065.00, 'Restaurante'),
('Salada Caesar', 999, 032.00, 'Restaurante'),
('Spaghetti ao Sugo', 999, 038.00, 'Restaurante'),
('Risoto de Camarão', 999, 070.00, 'Restaurante'),
('Sobremesa - Pudim', 999, 014.00, 'Restaurante'),
('Sobremesa - Brownie com Sorvete', 999, 022.00, 'Restaurante'),
('Taça de Vinho Tinto', 999, 022.00, 'Bar'),
('Taça de Vinho Branco', 999, 022.00, 'Bar'),
('Dose de Whisky 12 anos', 999, 028.00, 'Bar'),
('Dose de Cachaça Especial', 999, 015.00, 'Bar'),
('Caipirinha de Cachaça', 999, 018.00, 'Bar'),
('Caipiroska (Vodka)', 999, 022.00, 'Bar'),
('Gin Tônica', 999, 025.00, 'Bar'),
('Suco Natural (Laranja)', 999, 010.00, 'Bar'),
('Suco Natural (Abacaxi)', 999, 010.00, 'Bar'),
('Suco Natural (Caju)', 999, 010.00, 'Bar'),
('Café Expresso', 999, 006.00, 'Bar'),
('Lavagem de Roupa (Peça Social)', 999, 012.00, 'Serviço'),
('Lavagem de Roupa (Peça Íntima)', 999, 008.00, 'Serviço'),
('Passar Roupa (Peça)', 999, 007.00, 'Serviço'),
('Massagem Relaxante 30min', 999, 080.00, 'Serviço'),
('Massagem Relaxante 1h', 999, 150.00, 'Serviço'),
('Passeio de Buggy (Ticket)', 100, 150.00, 'Serviço'),
('Mergulho (Ticket)', 50, 200.00, 'Serviço'),
('Aluguel de Bicicleta (Hora)', 20, 015.00, 'Serviço'),
('Rolha (Taxa)', 999, 050.00, 'Taxa'),
('Late Check-out (Taxa)', 999, 120.00, 'Taxa'),
('Early Check-in (Taxa)', 999, 080.00, 'Taxa'),
('Berço Extra (Diária)', 15, 030.00, 'Taxa'),
('Cama Extra (Diária)', 10, 070.00, 'Taxa'),
('Toalha de Piscina (Extra)', 50, 005.00, 'Taxa'),
('Jantar Romântico (Pacote)', 999, 250.00, 'Serviço'),
('Decoração Romântica (UH)', 999, 180.00, 'Serviço'),
('Transfer Aeroporto (Ida OU Volta)', 999, 100.00, 'Serviço'),
('Cesta de Frutas (Pequena)', 999, 040.00, 'Serviço'),
('Cesta de Café da Manhã (Quarto)', 999, 090.00, 'Serviço'),
('Babysitter (Hora)', 999, 050.00, 'Serviço'),
('Reimpressão de Chave', 999, 010.00, 'Taxa'),
('Dano - Copo Quebrado', 999, 015.00, 'Taxa'),
('Dano - Toalha Manchada', 999, 030.00, 'Taxa'),
('Dano - Controle Remoto', 999, 060.00, 'Taxa'),
('Guarda-sol e Cadeiras (Praia)', 30, 025.00, 'Serviço'),
('Aula de Surf (1h)', 999, 120.00, 'Serviço'),
('Yoga (Aula Avulsa)', 999, 040.00, 'Serviço'),
('Manicure (Serviço)', 999, 050.00, 'Serviço'),
('Pedicure (Serviço)', 999, 060.00, 'Serviço'),
('Garrafa de Água 1.5L', 100, 008.00, 'Conveniência'),
('Vela Aromática', 20, 035.00, 'Conveniência'),
('Incenso (Caixa)', 30, 015.00, 'Conveniência'),
('Chinelo (Par)', 40, 025.00, 'Conveniência'),
('Boné (Logo Pousada)', 50, 040.00, 'Conveniência'),
('Camiseta (Logo Pousada)', 50, 050.00, 'Conveniência'),
('Canga de Praia', 30, 060.00, 'Conveniência'),
('Protetor Solar (Pequeno)', 25, 030.00, 'Conveniência');

-- -----------------------------------------------------
-- Tabela `Hospede` (Volume Extendido - 100 Responsáveis)
-- -----------------------------------------------------
INSERT INTO `Hospede` (`docIdentificacao`, `nome`, `genero`, `dataNasc`, `telefone`, `email`, `Responsavel_docIdentificacao`) VALUES
('20.123.456-0 PE', 'Carlos Silva', 'Masculino', '1985-04-10', '81988776655', 'carlos.silva@email.com', NULL),
('30.456.789-1 SP', 'Ana Pereira', 'Feminino', '1990-07-22', '11977665544', 'ana.pereira@email.com', NULL),
('40.789.123-5 MG', 'Bruno Costa', 'Masculino', '1992-11-30', '31966554433', 'bruno.costa@email.com', NULL),
('50.159.357-8 RJ', 'Fernanda Lima', 'Feminino', '1988-01-15', '21955443322', 'fernanda.lima@email.com', NULL),
('PAS-BR123456', 'John Smith', 'Masculino', '1975-06-20', '81944332211', 'john.smith@email.com', NULL),
('PAS-DE987654', 'Helga Müller', 'Feminino', '1995-03-12', '81933221100', 'helga.muller@email.com', NULL),
('60.321.654-9 BA', 'Mariana Almeida', 'Feminino', '1998-09-05', '71922110099', 'mariana.almeida@email.com', NULL),
('70.654.987-0 RS', 'Ricardo Nunes', 'Masculino', '1980-12-01', '51911009988', 'ricardo.nunes@email.com', NULL),
('80.987.321-1 CE', 'Larissa Gomes', 'Feminino', '2000-02-25', '85900998877', 'larissa.gomes@email.com', NULL),
('90.147.258-3 SC', 'Tiago Ventura', 'Masculino', '1993-08-18', '48999887766', 'tiago.ventura@email.com', NULL),
('21.345.678-9 PE', 'Beatriz Oliveira', 'Feminino', '1991-05-12', '81988112233', 'beatriz.oliveira@email.com', NULL),
('32.456.789-0 SP', 'Daniel Martins', 'Masculino', '1982-08-25', '11977223344', 'daniel.martins@email.com', NULL),
('43.567.890-1 MG', 'Carolina Alves', 'Feminino', '1994-03-02', '31966334455', 'carolina.alves@email.com', NULL),
('54.678.901-2 RJ', 'Eduardo Santos', 'Masculino', '1979-11-19', '21955445566', 'eduardo.santos@email.com', NULL),
('PAS-FR789012', 'Pierre Dubois', 'Masculino', '1986-09-07', '81944556677', 'pierre.dubois@email.com', NULL),
('PAS-AR345678', 'Maria Gonzalez', 'Feminino', '1990-12-14', '81933667788', 'maria.gonzalez@email.com', NULL),
('65.789.012-3 BA', 'Felipe Rocha', 'Masculino', '1997-06-28', '71922778899', 'felipe.rocha@email.com', NULL),
('76.890.123-4 RS', 'Gabriela Ferreira', 'Feminino', '1983-10-31', '51911889900', 'gabriela.ferreira@email.com', NULL),
('87.901.234-5 CE', 'Gustavo Ribeiro', 'Masculino', '1999-04-16', '85900990011', 'gustavo.ribeiro@email.com', NULL),
('98.012.345-6 SC', 'Helena Carvalho', 'Feminino', '1995-07-23', '48999001122', 'helena.carvalho@email.com', NULL),
('11.223.344-5 PE', 'Igor Azevedo', 'Masculino', '1987-02-05', '81988112233', 'igor.azevedo@email.com', NULL),
('22.334.455-6 SP', 'Juliana Barbosa', 'Feminino', '1993-09-18', '11977223344', 'juliana.barbosa@email.com', NULL),
('33.445.566-7 MG', 'Leonardo Melo', 'Masculino', '1984-01-27', '31966334455', 'leonardo.melo@email.com', NULL),
('44.556.677-8 RJ', 'Luiza Dias', 'Feminino', '1996-08-11', '21955445566', 'luiza.dias@email.com', NULL),
('PAS-GB123789', 'Emily White', 'Feminino', '1998-11-03', '81944556677', 'emily.white@email.com', NULL),
('PAS-IT456123', 'Luca Rossi', 'Masculino', '1981-04-22', '81933667788', 'luca.rossi@email.com', NULL),
('55.667.788-9 BA', 'Marcos Vinicius', 'Masculino', '1992-07-09', '71922778899', 'marcos.vinicius@email.com', NULL),
('66.778.899-0 RS', 'Natália Correia', 'Feminino', '1989-12-06', '51911889900', 'natalia.correia@email.com', NULL),
('77.889.900-1 CE', 'Otávio Pinto', 'Masculino', '1978-05-24', '85900990011', 'otavio.pinto@email.com', NULL),
('88.990.011-2 SC', 'Paula Monteiro', 'Feminino', '2001-01-30', '48999001122', 'paula.monteiro@email.com', NULL),
('19.283.746-5 PE', 'Rafael Castro', 'Masculino', '1988-06-17', '81988112233', 'rafael.castro@email.com', NULL),
('28.374.659-1 SP', 'Renata Farias', 'Feminino', '1994-10-04', '11977223344', 'renata.farias@email.com', NULL),
('37.465.918-2 MG', 'Samuel Barros', 'Masculino', '1990-03-21', '31966334455', 'samuel.barros@email.com', NULL),
('46.591.827-3 RJ', 'Tatiane Nogueira', 'Feminino', '1985-09-15', '21955445566', 'tatiane.nogueira@email.com', NULL),
('PAS-US789456', 'David Miller', 'Masculino', '1993-02-09', '81944556677', 'david.miller@email.com', NULL),
('PAS-CA123123', 'Chloe Martin', 'Feminino', '1997-08-01', '81933667788', 'chloe.martin@email.com', NULL),
('59.182.736-4 BA', 'Thiago Mendes', 'Masculino', '1980-11-28', '71922778899', 'thiago.mendes@email.com', NULL),
('61.827.364-5 RS', 'Vanessa Lopes', 'Feminino', '1995-05-08', '51911889900', 'vanessa.lopes@email.com', NULL),
('78.273.645-6 CE', 'Victor Hugo', 'Masculino', '1991-12-25', '85900990011', 'victor.hugo@email.com', NULL),
('82.736.456-7 SC', 'Yasmin Fernandes', 'Feminino', '1999-07-14', '48999001122', 'yasmin.fernandes@email.com', NULL),
('12.345.678-0 PE', 'Alexandre Borges', 'Masculino', '1976-03-10', '81988112233', 'alexandre.borges@email.com', NULL),
('23.456.789-1 SP', 'Bruna Teixeira', 'Feminino', '1989-10-22', '11977223344', 'bruna.teixeira@email.com', NULL),
('34.567.890-2 MG', 'Caio Duarte', 'Masculino', '1992-01-17', '31966334455', 'caio.duarte@email.com', NULL),
('45.678.901-3 RJ', 'Débora Moreira', 'Feminino', '1997-04-30', '21955445566', 'debora.moreira@email.com', NULL),
('PAS-ES654321', 'Javier Fernandez', 'Masculino', '1984-07-12', '81944556677', 'javier.fernandez@email.com', NULL),
('PAS-PT987123', 'Sofia Costa', 'Feminino', '1991-09-03', '81933667788', 'sofia.costa@email.com', NULL),
('56.789.012-4 BA', 'Erick Siqueira', 'Masculino', '1998-11-25', '71922778899', 'erick.siqueira@email.com', NULL),
('67.890.123-5 RS', 'Flávia Cunha', 'Feminino', '1982-06-08', '51911889900', 'flavia.cunha@email.com', NULL),
('78.901.234-6 CE', 'Guilherme Bastos', 'Masculino', '1994-02-14', '85900990011', 'guilherme.bastos@email.com', NULL),
('89.012.345-7 SC', 'Isabela Freitas', 'Feminino', '1996-10-09', '48999001122', 'isabela.freitas@email.com', NULL),
('10.987.654-3 PE', 'Jorge Viana', 'Masculino', '1983-05-01', '81988112233', 'jorge.viana@email.com', NULL),
('21.098.765-4 SP', 'Karen Matos', 'Feminino', '1990-08-14', '11977223344', 'karen.matos@email.com', NULL),
('32.109.876-5 MG', 'Lucas Dantas', 'Masculino', '1995-12-03', '31966334455', 'lucas.dantas@email.com', NULL),
('43.210.987-6 RJ', 'Manuela Pinto', 'Feminino', '1987-03-28', '21955445566', 'manuela.pinto@email.com', NULL),
('PAS-JP321654', 'Kenji Tanaka', 'Masculino', '1989-06-21', '81944556677', 'kenji.tanaka@email.com', NULL),
('PAS-AU987456', 'Olivia Brown', 'Feminino', '1992-09-11', '81933667788', 'olivia.brown@email.com', NULL),
('54.321.098-7 BA', 'Nicolas Gomes', 'Masculino', '1997-11-07', '71922778899', 'nicolas.gomes@email.com', NULL),
('65.432.109-8 RS', 'Patrícia Ramos', 'Feminino', '1981-02-18', '51911889900', 'patricia.ramos@email.com', NULL),
('76.543.210-9 CE', 'Queiroz Neto', 'Masculino', '1977-07-27', '85900990011', 'queiroz.neto@email.com', NULL),
('87.654.321-0 SC', 'Raquel Justino', 'Feminino', '2000-04-04', '48999001122', 'raquel.justino@email.com', NULL),
('12.111.222-3 PE', 'Sérgio Leal', 'Masculino', '1986-10-13', '81988112233', 'sergio.leal@email.com', NULL),
('23.222.333-4 SP', 'Talita Moura', 'Feminino', '1993-01-08', '11977223344', 'talita.moura@email.com', NULL),
('34.333.444-5 MG', 'Ulisses Brandão', 'Masculino', '1980-08-19', '31966334455', 'ulisses.brandao@email.com', NULL),
('45.444.555-6 RJ', 'Vitória Régia', 'Feminino', '1998-02-23', '21955445566', 'vitoria.regia@email.com', NULL),
('PAS-SE159753', 'Erik Johansson', 'Masculino', '1994-05-18', '81944556677', 'erik.johansson@email.com', NULL),
('PAS-CN654987', 'Li Wei', 'Masculino', '1988-10-26', '81933667788', 'li.wei@email.com', NULL),
('56.555.666-7 BA', 'William Novais', 'Masculino', '1991-01-02', '71922778899', 'william.novais@email.com', NULL),
('67.666.777-8 RS', 'Xuxa Meneghel', 'Feminino', '1963-03-27', '51911889900', 'xuxa.meneghel@email.com', NULL),
('78.777.888-9 CE', 'Yago Matarazzo', 'Masculino', '1996-09-09', '85900990011', 'yago.matarazzo@email.com', NULL),
('89.888.999-0 SC', 'Zilda Arns', 'Feminino', '1934-08-25', '48999001122', 'zilda.arns@email.com', NULL),
('11.000.111-0 PE', 'André Marques', 'Masculino', '1979-09-24', '81988112233', 'andre.marques@email.com', NULL),
('22.111.222-1 SP', 'Bárbara Paz', 'Feminino', '1974-10-17', '11977223344', 'barbara.paz@email.com', NULL),
('33.222.333-2 MG', 'César Tralli', 'Masculino', '1970-12-23', '31966334455', 'cesar.tralli@email.com', NULL),
('44.333.444-3 RJ', 'Diana Prince', 'Feminino', '1985-06-05', '21955445566', 'diana.prince@email.com', NULL),
('PAS-RU753159', 'Ivan Drago', 'Masculino', '1985-11-01', '81944556677', 'ivan.drago@email.com', NULL),
('PAS-IN951753', 'Priya Sharma', 'Feminino', '1993-04-12', '81933667788', 'priya.sharma@email.com', NULL),
('55.444.555-4 BA', 'Edson Arantes', 'Masculino', '1940-10-23', '71922778899', 'edson.arantes@email.com', NULL),
('66.555.666-5 RS', 'Fernanda Montenegro', 'Feminino', '1929-10-16', '51911889900', 'fernanda.montenegro@email.com', NULL),
('77.666.777-6 CE', 'Gilberto Gil', 'Masculino', '1942-06-26', '85900990011', 'gilberto.gil@email.com', NULL),
('88.777.888-7 SC', 'Hebe Camargo', 'Feminino', '1929-03-08', '48999001122', 'hebe.camargo@email.com', NULL),
('10.101.010-1 PE', 'Ícaro Silva', 'Masculino', '1987-04-05', '81988112233', 'icaro.silva@email.com', NULL),
('20.202.020-2 SP', 'Joana Fomm', 'Feminino', '1940-09-14', '11977223344', 'joana.fomm@email.com', NULL),
('30.303.030-3 MG', 'Kadu Moliterno', 'Masculino', '1952-06-20', '31966334455', 'kadu.moliterno@email.com', NULL),
('40.404.040-4 RJ', 'Lília Cabral', 'Feminino', '1957-07-13', '21955445566', 'lilia.cabral@email.com', NULL),
('PAS-MX147258', 'Miguel Alvarez', 'Masculino', '1990-01-30', '81944556677', 'miguel.alvarez@email.com', NULL),
('PAS-ZA369258', 'Naledi Khumalo', 'Feminino', '1995-08-08', '81933667788', 'naledi.khumalo@email.com', NULL),
( '50.505.050-5 BA', 'Neymar Júnior', 'Masculino', '1992-02-05', '71922778899', 'neymar.junior@email.com', NULL),
('60.606.060-6 RS', 'Oscar Schmidt', 'Masculino', '1958-02-16', '51911889900', 'oscar.schmidt@email.com', NULL),
('70.707.070-7 CE', 'Pelé', 'Masculino', '1940-10-23', '85900990011', 'pele@email.com', NULL),
('80.808.080-8 SC', 'Quincy Jones', 'Masculino', '1933-03-14', '48999001122', 'quincy.jones@email.com', NULL);

CALL sp_gerar_hospedagem_completa(100);

insert into reserva (dataInicio, dataFim, qtdPessoas, `status`, Funcionario_CPF,
	Responsavel_docIdentificacao)
	values ('2025-11-10', '2025-11-14', 2, 'Confirmada', "134.411.311-44",
			"77.666.777-6 CE"),
            ('2025-11-10', '2025-11-14', 2, 'Confirmada', "108.801.888-11",
			"88.777.888-7 SC"),
            ('2025-11-10', '2025-11-14', 3, 'Confirmada', "134.411.311-44",
			"44.333.444-3 RJ"),
            ('2025-11-12', '2025-11-16', 2, 'Confirmada', "108.801.888-11",
			"PAS-CA123123"),
            ('2025-11-12', '2025-11-16', 4, 'Confirmada', "108.801.888-11",
			"PAS-CN654987"),
            ('2025-11-12', '2025-11-16', 6, 'Confirmada', "108.801.888-11",
			"40.404.040-4 RJ");
            
insert into UH_Reserva
	values (40, 302), (41, 303), (42, 304), (43, 305), (44, 306), (45, 307);







